{
	"country": [
		{
			"name": "Kingdom of Prussia",
			"existed_from": "1701",
			"existed_to": "1918",
			"religion": "Protestantism",
			"ruler": [
			{	
				"name": "Frederick I von Hohenzollern of Prussia",
				"sex": "male",
				"resign_start": "1701",
				"resign_end": "1713"
			},
			{
				"name": "Friedrich Wilhelm Viktor Albert von Hohenzollern",
				"sex": "male",
				"resign_start": "1888",
				"resign_end": "1918"
			}]
		},
		{
			"name": "Byzantine Empire",
			"existed_from": "330",
			"existed_to": "1453",
			"religion": "Christianity(Eastern Orthodox)",
			"ruler": [
			{	
				"name": "Flavius Valerius Aurelius Constantinus Augustus",
				"sex": "male",
				"resign_start": "324",
				"resign_end": "337"
			},
			{
				"name": "Constantine XI Dragases Palaiologos",
				"sex": "male",
				"resign_start": "1449",
				"resign_end": "1453"
			}]
		},
		{
			"name": "Holy Roman Empire",
			"existed_from": "800",
			"existed_to": "1806",
			"religion": "Roman Catholicism",
			"ruler": [
			{	
				"name": "Charles I Carolingian",
				"sex": "male",
				"resign_start": "800",
				"resign_end": "814"
			},
			{
				"name": "Otto von Sachsen",
				"sex": "male",
				"resign_start": "962",
				"resign_end": "973"
			},
			{
				"name": "Francis II von Habsburg",
				"sex": "male",
				"resign_start": "1792",
				"resign_end": "1835"
			}]
		},
		{
			"name": "Polish–Lithuanian Commonwealth",
			"existed_from": "1569",
			"existed_to": "1795",
			"religion": "Roman Catholicism",
			"ruler": [
			{	
				"name": "Sigismund II Augustus Jagiellon",
				"sex": "male",
				"resign_start": "1548",
				"resign_end": "1572"
			},
			{
				"name": "Stanisław II August Poniatowski",
				"sex": "male",
				"resign_start": "1764",
				"resign_end": "1795"
			}]
		}
]
}