{"family": {
    "name": "Mary",
    "age": "32",
    "sex": "female",
    "kids": [
      {
        "name": "jim",
        "age": "10",
        "sex": "male",
        "dob_year": "2007",
        "ssn": "123-23-1234"
      },
      {
        "name": "jill",
        "age": "6",
        "sex": "female",
        "dob_year": "2011",
        "ssn": "123-23-1235"
      },
	  {
        "name": "bruce",
        "age": "4",
        "sex": "male",
        "dob_year": "2013",
        "ssn": "123-23-1236"
      },
	  {
        "name": "cthulhu",
        "age": "1",
        "sex": "unknown",
        "dob_year": "1928",
        "ssn": "123-23-1237"
      }]}}